Claim Number,Date of Loss
1-Jun,1/2/2006
4-Jun,1/4/2006
7-Jun,1/5/2006
3-Jun,1/7/2006
8-Jun,1/11/2006
5-Jun,1/12/2006
13-Jun,1/13/2006
9-Jun,1/16/2006
6-Jun,1/19/2006
10-Jun,1/21/2006
12-Jun,1/23/2006
11-Jun,2/6/2006
14-Jun,2/14/2006
15-Jun,2/21/2006
17-Jun,2/26/2006
2-Jun,2/28/2006
16-Jun,3/2/2006
18-Jun,3/5/2006
21-Jun,3/8/2006
19-Jun,3/16/2006
20-Jun,3/16/2006
22-Jun,3/22/2006
23-Jun,3/22/2006
24-Jun,3/26/2006
25-Jun,3/26/2006
26-Jun,3/31/2006
27-Jun,4/3/2006
28-Jun,4/4/2006
29-Jun,4/8/2006
30-Jun,4/21/2006
Jun-31,5/8/2006
06-101,5/11/2006
Jun-32,5/17/2006
Jun-33,5/24/2006
Jun-36,5/27/2006
Jun-34,6/1/2006
Jun-37,6/1/2006
Jun-38,6/1/2006
Jun-35,6/2/2006
Jun-45,6/5/2006
Jun-40,6/9/2006
Jun-49,6/13/2006
Jun-39,6/15/2006
Jun-41,6/22/2006
Jun-42,6/23/2006
Jun-43,6/26/2006
Jun-44,6/28/2006
Jun-46,7/12/2006
Jun-47,7/14/2006
Jun-48,7/15/2006
Jun-51,7/20/2006
Jun-52,7/20/2006
Jun-50,7/24/2006
Jun-53,7/31/2006
Jun-54,7/31/2006
Jun-63,7/31/2006
Jun-55,8/5/2006
Jun-56,8/8/2006
Jun-60,8/11/2006
Jun-61,8/14/2006
Jun-66,8/15/2006
Jun-58,8/16/2006
Jun-64,8/17/2006
Jun-65,8/19/2006
Jun-57,8/21/2006
Jun-59,8/21/2006
Jun-62,8/29/2006
Jun-67,9/6/2006
Jun-68,9/10/2006
Jun-69,9/14/2006
Jun-75,9/14/2006
Jun-70,9/15/2006
Jun-71,9/20/2006
Jun-72,9/22/2006
Jun-73,9/27/2006
Jun-74,9/27/2006
Jun-76,9/29/2006
Jun-77,10/4/2006
Jun-84,10/4/2006
Jun-78,10/5/2006
Jun-79,10/8/2006
Jun-80,10/9/2006
Jun-81,10/9/2006
Jun-82,10/9/2006
Jun-83,10/10/2006
Jun-87,10/10/2006
Jun-85,10/13/2006
Jun-86,10/14/2006
Jun-88,10/26/2006
Jun-89,10/27/2006
Jun-92,10/27/2006
Jun-90,10/30/2006
Jun-91,10/30/2006
Jun-93,10/31/2006
Jun-94,11/1/2006
Jun-95,11/2/2006
Jun-96,11/3/2006
Jun-97,11/8/2006
Jun-98,11/10/2006
06-102,11/12/2006
06-103,11/16/2006
Jun-99,11/17/2006
06-100,11/19/2006
06-104,11/21/2006
06-105,11/23/2006
06-106,11/23/2006
06-107,11/30/2006
06-108,11/30/2006
06-110,11/30/2006
06-109,12/4/2006
06-111,12/6/2006
06-112,12/6/2006
06-113,12/7/2006
06-114,12/8/2006
06-115,12/11/2006
06-116,12/12/2006
06-117,12/12/2006
06-118,12/13/2006
06-119,12/18/2006
06-120,12/28/2006
1-Jul,1/4/2007
2-Jul,1/12/2007
3-Jul,1/13/2007
4-Jul,1/20/2007
5-Jul,1/28/2007
6-Jul,1/30/2007
11-Jul,1/31/2007
7-Jul,2/1/2007
12-Jul,2/1/2007
8-Jul,2/3/2007
9-Jul,2/5/2007
10-Jul,2/6/2007
13-Jul,2/9/2007
14-Jul,2/9/2007
15-Jul,2/16/2007
18-Jul,2/19/2007
16-Jul,2/20/2007
17-Jul,2/21/2007
19-Jul,2/21/2007
20-Jul,2/27/2007
21-Jul,2/28/2007
22-Jul,3/1/2007
23-Jul,3/5/2007
24-Jul,3/16/2007
26-Jul,3/18/2007
25-Jul,3/19/2007
27-Jul,3/20/2007
28-Jul,3/23/2007
29-Jul,3/28/2007
30-Jul,4/2/2007
Jul-33,4/3/2007
31-Jul,4/4/2007
Jul-32,4/5/2007
Jul-35,4/6/2007
Jul-34,4/9/2007
Jul-42,4/10/2007
Jul-36,4/11/2007
Jul-37,4/11/2007
Jul-38,4/11/2007
Jul-39,4/13/2007
Jul-40,4/24/2007
Jul-41,4/25/2007
Jul-43,5/1/2007
Jul-44,5/2/2007
Jul-45,5/4/2007
Jul-46,5/7/2007
Jul-66,5/8/2007
Jul-47,5/11/2007
Jul-48,5/14/2007
Jul-49,5/18/2007
Jul-51,5/18/2007
Jul-50,5/19/2007
Jul-52,5/30/2007
Jul-53,5/30/2007
Jul-54,5/30/2007
Jul-55,6/2/2007
Jul-59,6/4/2007
Jul-56,6/5/2007
Jul-57,6/5/2007
Jul-58,6/5/2007
Jul-61,6/6/2007
Jul-60,6/7/2007
Jul-62,6/7/2007
Jul-63,6/13/2007
Jul-64,6/13/2007
Jul-67,6/14/2007
Jul-65,6/18/2007
Jul-68,6/27/2007
Jul-69,6/27/2007
Jul-70,6/28/2007
Jul-71,7/11/2007
Jul-72,7/12/2007
Jul-73,7/17/2007
Jul-74,7/22/2007
Jul-75,7/25/2007
Jul-76,7/25/2007
Jul-77,7/26/2007
Jul-79,7/26/2007
Jul-78,7/27/2007
Jul-84,7/27/2007
Jul-80,7/31/2007
Jul-81,8/3/2007
Jul-82,8/5/2007
Jul-83,8/9/2007
Jul-85,8/12/2007
Jul-86,8/17/2007
Jul-87,8/17/2007
Jul-88,8/21/2007
Jul-89,8/21/2007
Jul-90,8/22/2007
Jul-91,8/27/2007
Jul-92,8/28/2007
Jul-93,9/2/2007
Jul-94,9/6/2007
Jul-95,9/6/2007
Jul-96,9/8/2007
Jul-97,9/15/2007
Jul-98,9/17/2007
Jul-99,9/20/2007
07-100,9/21/2007
07-101,9/24/2007
07-102,9/25/2007
07-103,9/29/2007
07-104,10/5/2007
07-107,10/9/2007
07-105,10/10/2007
07-106,10/18/2007
07-108,10/18/2007
07-109,10/19/2007
07-110,10/25/2007
07-112,10/29/2007
07-111,10/30/2007
07-113,11/6/2007
07-114,11/7/2007
07-115,11/12/2007
07-116,11/12/2007
07-117,11/15/2007
07-118,11/16/2007
07-119,11/25/2007
07-120,11/26/2007
07-123,12/4/2007
07-121,12/7/2007
07-122,12/7/2007
07-124,12/12/2007
07-129,12/12/2007
07-125,12/18/2007
07-126,12/20/2007
07-127,12/20/2007
07-128,12/21/2007
07-130,12/31/2007
1-Aug,1/3/2008
2-Aug,1/4/2008
3-Aug,1/6/2008
4-Aug,1/16/2008
5-Aug,1/22/2008
9-Aug,1/22/2008
8-Aug,1/24/2008
6-Aug,1/25/2008
7-Aug,1/25/2008
10-Aug,2/1/2008
11-Aug,2/2/2008
12-Aug,2/2/2008
14-Aug,2/14/2008
15-Aug,2/15/2008
16-Aug,2/15/2008
13-Aug,2/18/2008
17-Aug,2/23/2008
18-Aug,2/25/2008
19-Aug,2/25/2008
20-Aug,2/26/2008
21-Aug,2/26/2008
22-Aug,3/7/2008
23-Aug,3/8/2008
24-Aug,3/10/2008
25-Aug,3/11/2008
26-Aug,3/13/2008
27-Aug,3/13/2008
28-Aug,3/13/2008
29-Aug,3/18/2008
30-Aug,3/21/2008
31-Aug,3/22/2008
Aug-32,3/26/2008
Aug-33,3/26/2008
Aug-34,3/31/2008
Aug-35,4/3/2008
Aug-36,4/6/2008
Aug-37,4/8/2008
Aug-38,4/8/2008
Aug-39,4/10/2008
Aug-40,4/10/2008
Aug-41,4/11/2008
Aug-42,4/15/2008
Aug-48,4/15/2008
Aug-43,4/16/2008
Aug-44,4/19/2008
Aug-45,4/21/2008
Aug-46,4/21/2008
25051,4/24/2008
Aug-50,4/24/2008
Aug-47,4/25/2008
Aug-49,4/27/2008
Aug-51,5/1/2008
Aug-54,5/2/2008
Aug-52,5/4/2008
Aug-53,5/4/2008
Aug-55,5/6/2008
Aug-56,5/6/2008
Aug-60,5/13/2008
Aug-57,5/22/2008
Aug-58,5/22/2008
Aug-71,5/22/2008
Aug-59,5/23/2008
Aug-61,5/27/2008
Aug-62,5/28/2008
Aug-63,5/28/2008
Aug-64,5/28/2008
Aug-65,6/5/2008
Aug-66,6/6/2008
Aug-67,6/9/2008
Aug-69,6/13/2008
Aug-72,6/18/2008
Aug-74,6/20/2008
Aug-70,6/23/2008
Aug-76,6/23/2008
Aug-73,6/25/2008
Aug-83,6/25/2008
Aug-75,6/26/2008
Aug-77,6/30/2008
Aug-81,7/1/2008
Aug-78,7/5/2008
Aug-79,7/7/2008
Aug-80,7/13/2008
Aug-90,7/17/2008
Aug-82,7/22/2008
Aug-86,7/23/2008
Aug-84,7/24/2008
Aug-85,7/27/2008
Aug-87,7/28/2008
Aug-88,7/29/2008
Aug-89,7/31/2008
Aug-91,8/2/2008
Aug-92,8/5/2008
Aug-93,8/7/2008
Aug-94,8/7/2008
Aug-95,8/10/2008
Aug-96,8/20/2008
Aug-97,8/22/2008
Aug-98,9/3/2008
08-102,9/4/2008
Aug-99,9/5/2008
08-100,9/8/2008
08-101,9/9/2008
08-103,9/20/2008
08-104,9/24/2008
08-105,9/26/2008
08-106,9/30/2008
08-107,10/2/2008
08-108,10/3/2008
08-109,10/8/2008
08-110,10/8/2008
08-111,10/10/2008
08-112,10/15/2008
08-113,10/17/2008
08-114,10/17/2008
08-115,10/20/2008
08-116,10/22/2008
08-117,10/23/2008
08-118,10/26/2008
08-119,10/28/2008
08-120,11/14/2008
08-121,11/17/2008
08-122,11/17/2008
08-123,11/20/2008
08-125,11/22/2008
08-124,11/24/2008
08-126,11/24/2008
08-127,11/24/2008
08-128,11/27/2008
08-129,11/28/2008
08-130,12/5/2008
08-133,12/10/2008
08-132,12/12/2008
08-131,12/13/2008
08-134,12/16/2008
08-135,12/16/2008
08-136,12/17/2008
08-137,12/22/2008
08-138,12/22/2008
1-Sep,1/5/2009
2-Sep,1/6/2009
3-Sep,1/7/2009
4-Sep,1/11/2009
5-Sep,1/14/2009
6-Sep,1/19/2009
7-Sep,1/24/2009
8-Sep,1/24/2009
9-Sep,1/27/2009
10-Sep,1/29/2009
11-Sep,1/30/2009
12-Sep,2/2/2009
13-Sep,2/4/2009
14-Sep,2/10/2009
15-Sep,2/17/2009
16-Sep,2/17/2009
17-Sep,2/19/2009
18-Sep,3/6/2009
19-Sep,3/10/2009
20-Sep,3/13/2009
21-Sep,3/17/2009
22-Sep,3/18/2009
23-Sep,3/19/2009
24-Sep,3/24/2009
25-Sep,3/28/2009
26-Sep,4/12/2009
27-Sep,4/15/2009
28-Sep,4/22/2009
Sep-32,4/24/2009
30-Sep,4/26/2009
Sep-31,4/26/2009
29-Sep,4/27/2009
Sep-33,4/28/2009
Sep-34,5/4/2009
Sep-35,5/12/2009
Sep-36,5/14/2009
Sep-37,5/15/2009
Sep-40,5/15/2009
Sep-38,5/16/2009
Sep-39,5/16/2009
Sep-41,5/25/2009
Sep-45,5/28/2009
Sep-42,5/29/2009
Sep-43,6/1/2009
Sep-44,6/1/2009
Sep-46,6/11/2009
Sep-47,6/15/2009
Sep-48,6/19/2009
Sep-49,6/22/2009
Sep-50,6/24/2009
Sep-53,6/25/2009
Sep-51,6/26/2009
Sep-52,6/29/2009
Sep-54,7/6/2009
Sep-55,7/11/2009
Sep-57,7/24/2009
Sep-56,7/25/2009
Sep-58,8/8/2009
Sep-59,8/14/2009
Sep-60,8/16/2009
Sep-61,8/20/2009
Sep-62,8/27/2009
Sep-63,8/31/2009
Sep-64,9/6/2009
Sep-72,9/8/2009
Sep-65,9/11/2009
Sep-66,9/14/2009
Sep-67,9/15/2009
Sep-68,9/18/2009
Sep-69,9/18/2009
Sep-70,9/21/2009
Sep-71,9/23/2009
Sep-73,9/29/2009
Sep-74,10/1/2009
Sep-75,10/8/2009
Sep-76,10/13/2009
Sep-77,10/20/2009
Sep-78,10/23/2009
Sep-79,10/23/2009
Sep-80,10/30/2009
Sep-81,11/2/2009
Sep-82,11/5/2009
Sep-83,11/9/2009
Sep-84,11/13/2009
Sep-85,11/16/2009
Sep-86,11/20/2009
Sep-87,11/21/2009
Sep-88,11/22/2009
Sep-89,11/26/2009
Sep-90,11/28/2009
Sep-91,11/30/2009
Sep-92,12/1/2009
Sep-93,12/7/2009
Sep-94,12/9/2009
Sep-95,12/10/2009
Sep-96,12/14/2009
Sep-97,12/21/2009
1-Oct,1/5/2010
2-Oct,1/7/2010
3-Oct,1/11/2010
5-Oct,1/11/2010
4-Oct,1/12/2010
6-Oct,1/15/2010
7-Oct,1/15/2010
8-Oct,1/19/2010
9-Oct,1/20/2010
10-Oct,1/21/2010
12-Oct,1/21/2010
11-Oct,1/25/2010
13-Oct,1/25/2010
14-Oct,1/28/2010
15-Oct,1/30/2010
16-Oct,2/2/2010
17-Oct,2/4/2010
18-Oct,2/4/2010
19-Oct,2/8/2010
20-Oct,2/9/2010
21-Oct,2/16/2010
22-Oct,2/17/2010
23-Oct,2/18/2010
24-Oct,2/18/2010
25-Oct,2/18/2010
26-Oct,2/19/2010
27-Oct,2/20/2010
28-Oct,2/23/2010
29-Oct,2/23/2010
30-Oct,2/24/2010
31-Oct,2/26/2010
Oct-32,3/1/2010
Oct-34,3/2/2010
Oct-33,3/3/2010
Oct-35,3/22/2010
Oct-36,3/24/2010
Oct-38,3/24/2010
Oct-37,3/25/2010
Oct-39,3/26/2010
Oct-40,3/26/2010
Oct-41,4/2/2010
Oct-42,4/5/2010
Oct-43,4/5/2010
Oct-44,4/7/2010
Oct-45,4/8/2010
Oct-46,4/8/2010
Oct-47,4/9/2010
Oct-48,4/21/2010
Oct-49,4/25/2010
Oct-50,4/26/2010
Oct-51,4/29/2010
Oct-52,4/30/2010
Oct-55,5/5/2010
Oct-53,5/7/2010
Oct-54,5/7/2010
Oct-56,5/7/2010
Oct-57,5/18/2010
Oct-58,5/26/2010
Oct-59,5/26/2010
Oct-60,5/28/2010
Oct-61,6/3/2010
Oct-62,6/8/2010
Oct-63,6/11/2010
Oct-64,6/15/2010
Oct-65,6/16/2010
Oct-66,6/21/2010
Oct-67,6/23/2010
Oct-68,6/25/2010
Oct-69,6/25/2010
Oct-70,6/26/2010
Oct-71,6/28/2010
Oct-72,6/28/2010
Oct-73,7/6/2010
Oct-74,7/6/2010
Oct-75,7/7/2010
Oct-76,7/15/2010
Oct-77,7/21/2010
Oct-78,7/22/2010
Oct-79,7/23/2010
Oct-80,7/24/2010
Oct-81,7/24/2010
Oct-82,7/27/2010
Oct-83,8/2/2010
Oct-84,8/14/2010
Oct-85,8/17/2010
Oct-86,8/19/2010
Oct-87,8/24/2010
Oct-88,8/24/2010
Oct-90,8/31/2010
Oct-89,9/2/2010
Oct-91,9/2/2010
Oct-92,9/10/2010
Oct-94,9/11/2010
Oct-93,9/13/2010
Oct-95,9/14/2010
Oct-96,9/19/2010
Oct-97,9/20/2010
Oct-98,9/21/2010
Oct-99,9/22/2010
10-100,9/23/2010
10-101,9/25/2010
10-102,9/27/2010
10-103,9/27/2010
10-104,9/27/2010
10-105,9/29/2010
10-106,9/29/2010
10-107,10/5/2010
10-108,10/13/2010
10-110,10/16/2010
10-109,10/18/2010
10-111,10/20/2010
10-112,10/21/2010
10-113,10/24/2010
10-114,10/26/2010
10-115,11/3/2010
10-116,11/3/2010
10-117,11/4/2010
10-118,11/5/2010
10-119,11/7/2010
10-120,11/8/2010
10-121,11/9/2010
10-122,11/10/2010
10-123,11/10/2010
10-124,11/12/2010
10-125,11/25/2010
10-126,12/1/2010
10-135,12/2/2010
10-127,12/6/2010
10-128,12/11/2010
10-129,12/17/2010
10-131,12/20/2010
10-133,12/20/2010
10-130,12/22/2010
10-132,12/23/2010
10-134,12/28/2010
10-136,12/31/2010
1-Nov,1/6/2011
2-Nov,1/13/2011
3-Nov,1/18/2011
4-Nov,1/20/2011
5-Nov,1/21/2011
6-Nov,1/21/2011
7-Nov,1/28/2011
10-Nov,1/31/2011
8-Nov,2/1/2011
9-Nov,2/1/2011
11-Nov,2/4/2011
12-Nov,2/5/2011
13-Nov,2/8/2011
14-Nov,2/11/2011
15-Nov,2/16/2011
16-Nov,2/17/2011
17-Nov,2/19/2011
18-Nov,2/20/2011
19-Nov,2/21/2011
20-Nov,2/23/2011
11-168,2/24/2011
21-Nov,2/28/2011
22-Nov,3/7/2011
23-Nov,3/8/2011
24-Nov,3/8/2011
25-Nov,3/10/2011
26-Nov,3/15/2011
27-Nov,3/17/2011
28-Nov,3/21/2011
29-Nov,3/31/2011
30-Nov,3/31/2011
Nov-31,4/4/2011
Nov-32,4/6/2011
Nov-33,4/11/2011
Nov-34,4/11/2011
Nov-35,4/13/2011
Nov-36,4/13/2011
Nov-37,4/13/2011
Nov-38,4/15/2011
Nov-39,4/15/2011
Nov-41,4/18/2011
Nov-40,4/19/2011
Nov-42,4/20/2011
Nov-45,4/21/2011
Nov-43,4/22/2011
Nov-44,4/22/2011
Nov-46,4/27/2011
Nov-47,4/29/2011
Nov-48,5/2/2011
Nov-49,5/2/2011
Nov-58,5/3/2011
Nov-50,5/4/2011
Nov-51,5/13/2011
Nov-52,5/13/2011
Nov-53,5/13/2011
Nov-54,5/13/2011
Nov-55,5/15/2011
Nov-56,5/15/2011
Nov-57,5/16/2011
Nov-59,5/20/2011
Nov-60,5/26/2011
Nov-61,6/10/2011
Nov-62,6/12/2011
Nov-63,6/13/2011
Nov-64,6/13/2011
Nov-65,6/14/2011
Nov-66,6/14/2011
Nov-67,6/14/2011
Nov-68,6/14/2011
Nov-69,6/17/2011
Nov-70,6/24/2011
Nov-71,6/27/2011
Nov-72,7/1/2011
Nov-73,7/1/2011
Nov-74,7/1/2011
Nov-76,7/1/2011
Nov-75,7/2/2011
Nov-77,7/8/2011
Nov-78,7/8/2011
Nov-79,7/12/2011
Nov-91,7/13/2011
Nov-80,7/14/2011
Nov-81,7/15/2011
Nov-82,7/20/2011
Nov-83,7/20/2011
Nov-95,7/21/2011
Nov-87,7/23/2011
Nov-84,7/24/2011
Nov-85,7/24/2011
Nov-86,7/25/2011
Nov-88,7/25/2011
Nov-89,7/25/2011
Nov-90,7/25/2011
Nov-92,7/29/2011
Nov-93,7/31/2011
Nov-94,8/2/2011
Nov-96,8/4/2011
Nov-97,8/8/2011
Nov-98,8/9/2011
Nov-99,8/14/2011
11-100,8/17/2011
11-101,8/17/2011
11-102,8/18/2011
11-103,8/22/2011
11-104,8/22/2011
11-105,8/23/2011
11-106,8/23/2011
11-107,8/23/2011
11-110,8/28/2011
11-108,8/29/2011
11-109,8/31/2011
11-111,8/31/2011
11-112,9/3/2011
11-115,9/4/2011
11-113,9/6/2011
11-114,9/8/2011
11-116,9/8/2011
11-117,9/9/2011
11-118,9/20/2011
11-119,9/26/2011
11-128,9/27/2011
11-120,9/28/2011
11-121,9/28/2011
11-122,9/28/2011
11-125,9/28/2011
11-123,9/29/2011
11-124,9/30/2011
11-126,10/3/2011
11-127,10/4/2011
11-129,10/6/2011
11-130,10/6/2011
11-131,10/7/2011
11-132,10/11/2011
11-133,10/12/2011
11-134,10/14/2011
11-135,10/14/2011
11-136,10/18/2011
11-137,10/19/2011
11-138,10/19/2011
11-139,10/24/2011
11-140,10/27/2011
11-141,10/28/2011
11-143,10/29/2011
11-142,10/30/2011
11-144,11/1/2011
11-150,11/2/2011
11-145,11/3/2011
11-146,11/5/2011
11-147,11/7/2011
11-148,11/8/2011
11-149,11/11/2011
11-167,11/16/2011
11-151,11/21/2011
11-153,11/21/2011
11-152,11/28/2011
11-154,12/6/2011
11-156,12/6/2011
11-155,12/7/2011
11-158,12/7/2011
11-157,12/8/2011
11-165,12/8/2011
11-159,12/11/2011
11-160,12/12/2011
11-161,12/13/2011
11-162,12/13/2011
11-163,12/15/2011
11-164,12/16/2011
11-166,12/17/2011
1-Dec,1/6/2012
2-Dec,1/12/2012
3-Dec,1/12/2012
4-Dec,1/16/2012
5-Dec,1/18/2012
6-Dec,1/19/2012
7-Dec,1/25/2012
8-Dec,1/25/2012
9-Dec,1/26/2012
10-Dec,1/27/2012
11-Dec,1/29/2012
12-Dec,1/31/2012
13-Dec,1/31/2012
14-Dec,2/1/2012
20-Dec,2/1/2012
15-Dec,2/2/2012
16-Dec,2/2/2012
17-Dec,2/4/2012
19-Dec,2/4/2012
18-Dec,2/5/2012
21-Dec,2/8/2012
22-Dec,2/13/2012
23-Dec,2/16/2012
24-Dec,2/16/2012
25-Dec,2/20/2012
28-Dec,2/21/2012
26-Dec,2/23/2012
27-Dec,2/24/2012
29-Dec,2/26/2012
30-Dec,2/29/2012
31-Dec,2/29/2012
Dec-32,3/1/2012
Dec-34,3/1/2012
Dec-33,3/2/2012
Dec-35,3/2/2012
Dec-36,3/9/2012
Dec-37,3/9/2012
12-162,3/12/2012
Dec-38,3/12/2012
Dec-43,3/12/2012
Dec-39,3/16/2012
Dec-40,3/19/2012
Dec-41,3/23/2012
Dec-42,3/24/2012
Dec-44,3/27/2012
Dec-45,3/27/2012
Dec-51,4/2/2012
Dec-46,4/3/2012
Dec-47,4/5/2012
Dec-48,4/6/2012
Dec-49,4/11/2012
Dec-50,4/11/2012
Dec-52,4/11/2012
Dec-55,4/15/2012
Dec-54,4/16/2012
Dec-56,4/16/2012
Dec-53,4/17/2012
Dec-93,4/17/2012
Dec-60,4/19/2012
Dec-57,4/20/2012
Dec-58,4/26/2012
Dec-59,4/26/2012
Dec-80,5/1/2012
Dec-61,5/2/2012
Dec-62,5/2/2012
Dec-65,5/8/2012
Dec-63,5/9/2012
Dec-75,5/9/2012
Dec-64,5/10/2012
Dec-66,5/12/2012
Dec-67,5/14/2012
Dec-68,5/14/2012
Dec-69,5/16/2012
Dec-70,5/16/2012
Dec-71,5/18/2012
Dec-72,5/18/2012
Dec-73,5/18/2012
Dec-74,5/20/2012
Dec-76,5/22/2012
Dec-77,5/24/2012
Dec-78,5/27/2012
Dec-79,5/27/2012
Dec-81,6/1/2012
Dec-83,6/2/2012
Dec-84,6/4/2012
Dec-82,6/6/2012
Dec-87,6/7/2012
Dec-85,6/8/2012
Dec-86,6/8/2012
Dec-88,6/14/2012
Dec-89,6/14/2012
Dec-90,6/16/2012
Dec-91,6/20/2012
Dec-92,6/21/2012
12-101,6/22/2012
Dec-94,6/22/2012
Dec-95,7/1/2012
Dec-96,7/2/2012
12-100,7/5/2012
Dec-97,7/5/2012
12-102,7/6/2012
Dec-99,7/6/2012
Dec-98,7/9/2012
12-103,7/10/2012
12-104,7/15/2012
12-105,7/17/2012
12-106,7/19/2012
12-205,7/19/2012
12-107,7/20/2012
12-112,7/20/2012
12-108,7/21/2012
12-109,7/23/2012
12-110,7/23/2012
12-111,7/24/2012
12-113,7/26/2012
12-114,7/28/2012
12-116,7/30/2012
12-115,7/31/2012
12-195,8/1/2012
12-164,8/2/2012
12-117,8/3/2012
12-118,8/3/2012
12-119,8/3/2012
12-120,8/3/2012
12-121,8/3/2012
12-122,8/6/2012
12-151,8/8/2012
12-214,8/9/2012
12-123,8/13/2012
12-124,8/13/2012
12-125,8/13/2012
12-126,8/14/2012
12-168,8/15/2012
12-127,8/16/2012
12-128,8/17/2012
12-152,8/17/2012
12-129,8/23/2012
12-130,8/23/2012
12-131,8/24/2012
12-132,8/24/2012
12-133,8/24/2012
12-134,8/26/2012
12-153,8/26/2012
12-135,8/27/2012
12-136,8/28/2012
12-137,8/29/2012
12-138,8/31/2012
12-139,9/4/2012
12-140,9/6/2012
12-158,9/6/2012
12-141,9/10/2012
12-142,9/10/2012
12-154,9/10/2012
12-156,9/11/2012
12-155,9/12/2012
12-143,9/18/2012
12-144,9/19/2012
12-145,9/20/2012
12-146,9/20/2012
12-147,9/21/2012
12-148,9/21/2012
12-150,9/21/2012
12-180,9/21/2012
12-149,9/24/2012
12-157,9/26/2012
12-185,9/26/2012
12-159,9/28/2012
12-160,10/1/2012
12-161,10/1/2012
12-163,10/3/2012
12-169,10/4/2012
12-178,10/6/2012
12-170,10/7/2012
12-177,10/7/2012
12-186,10/7/2012
12-191,10/10/2012
12-165,10/11/2012
12-167,10/11/2012
12-179,10/12/2012
12-166,10/15/2012
12-171,10/17/2012
12-172,10/18/2012
12-173,10/18/2012
12-175,10/18/2012
12-174,10/19/2012
12-176,10/23/2012
12-181,10/23/2012
12-182,10/30/2012
12-188,10/31/2012
12-183,11/1/2012
12-184,11/5/2012
12-189,11/9/2012
12-187,11/10/2012
12-190,11/12/2012
12-192,11/12/2012
12-193,11/13/2012
12-211,11/13/2012
13-53,11/13/2012
12-194,11/15/2012
12-197,11/16/2012
12-198,11/17/2012
12-199,11/20/2012
12-196,11/26/2012
12-200,11/27/2012
12-201,11/27/2012
12-202,12/1/2012
12-203,12/3/2012
12-210,12/17/2012
12-213,12/18/2012
12-215,12/18/2012
12-204,12/19/2012
12-207,12/20/2012
12-206,12/26/2012
12-208,12/28/2012
12-212,12/28/2012
12-209,12/31/2012
13-01,1/3/2013
13-02,1/3/2013
13-03,1/4/2013
13-04,1/7/2013
13-05,1/9/2013
13-06,1/9/2013
13-07,1/13/2013
13-08,1/15/2013
13-09,1/15/2013
13-10,1/15/2013
13-24,1/15/2013
13-11,1/16/2013
13-12,1/18/2013
13-13,1/18/2013
13-19,1/18/2013
13-17,1/20/2013
13-14,1/21/2013
13-15,1/22/2013
13-16,1/22/2013
13-18,1/25/2013
13-20,1/28/2013
13-21,1/28/2013
13-23,1/28/2013
13-22,1/31/2013
13-25,2/6/2013
13-29,2/9/2013
13-28,2/11/2013
13-31,2/11/2013
13-26,2/12/2013
13-27,2/14/2013
13-244,2/15/2013
13-30,2/20/2013
13-32,2/21/2013
13-33,2/21/2013
13-34,2/23/2013
13-35,2/25/2013
13-36,2/26/2013
13-38,2/28/2013
13-39,3/1/2013
13-40,3/1/2013
13-46,3/1/2013
13-41,3/4/2013
13-42,3/6/2013
13-43,3/6/2013
13-44,3/6/2013
13-77,3/6/2013
13-45,3/8/2013
13-47,3/8/2013
13-58,3/8/2013
13-50,3/10/2013
13-48,3/13/2013
13-49,3/14/2013
13-51,3/21/2013
13-37,3/27/2013
13-52,3/27/2013
13-54,4/2/2013
13-55,4/3/2013
13-56,4/5/2013
13-57,4/6/2013
13-60,4/6/2013
13-59,4/8/2013
13-62,4/8/2013
13-61,4/11/2013
13-63,4/18/2013
13-64,4/18/2013
13-65,4/24/2013
13-66,4/26/2013
13-67,4/26/2013
13-68,4/28/2013
13-69,4/29/2013
13-78,4/29/2013
13-70,4/30/2013
13-71,4/30/2013
13-99,4/30/2013
13-154,5/6/2013
13-72,5/6/2013
13-73,5/7/2013
13-74,5/8/2013
13-107,5/9/2013
13-75,5/9/2013
13-76,5/10/2013
13-79,5/13/2013
13-80,5/18/2013
13-81,5/20/2013
13-82,5/20/2013
13-114,5/21/2013
13-85,5/22/2013
13-129,5/23/2013
13-83,5/23/2013
13-84,5/24/2013
13-86,5/24/2013
13-87,5/28/2013
13-88,5/28/2013
13-89,5/30/2013
13-90,5/31/2013
13-91,5/31/2013
13-92,6/1/2013
13-93,6/3/2013
13-94,6/5/2013
13-95,6/6/2013
13-96,6/10/2013
13-101,6/11/2013
13-105,6/11/2013
13-97,6/11/2013
13-102,6/18/2013
13-110,6/18/2013
13-98,6/18/2013
13-100,6/19/2013
13-103,6/19/2013
13-104,6/21/2013
13-106,6/25/2013
13-108,6/27/2013
13-109,6/28/2013
13-111,6/28/2013
13-112,7/3/2013
13-113,7/3/2013
13-115,7/8/2013
13-116,7/11/2013
13-117,7/13/2013
13-118,7/15/2013
13-121,7/17/2013
13-119,7/19/2013
13-120,7/22/2013
13-128,7/23/2013
13-122,7/24/2013
13-123,7/25/2013
13-126,7/26/2013
13-124,7/27/2013
13-125,7/28/2013
13-132,8/1/2013
13-127,8/2/2013
13-184,8/3/2013
13-130,8/7/2013
13-131,8/7/2013
13-133,8/8/2013
13-134,8/10/2013
13-153,8/12/2013
13-135,8/13/2013
13-136,8/13/2013
13-137,8/13/2013
13-241,8/13/2013
13-147,8/14/2013
13-138,8/16/2013
13-139,8/16/2013
13-140,8/21/2013
13-141,8/21/2013
13-143,8/21/2013
13-176,8/21/2013
13-142,8/22/2013
13-144,8/23/2013
13-158,8/23/2013
13-145,8/24/2013
13-146,8/24/2013
13-148,8/27/2013
13-151,8/29/2013
13-149,8/30/2013
13-150,9/3/2013
13-157,9/4/2013
13-152,9/5/2013
13-155,9/13/2013
13-156,9/16/2013
13-159,9/17/2013
13-163,9/17/2013
13-160,9/18/2013
13-175,9/20/2013
13-161,9/21/2013
13-162,9/24/2013
13-181,9/25/2013
13-165,9/27/2013
13-164,9/29/2013
13-166,9/30/2013
13-167,9/30/2013
13-168,9/30/2013
13-170,10/1/2013
13-169,10/2/2013
13-172,10/3/2013
13-187,10/3/2013
13-207,10/4/2013
13-171,10/8/2013
13-173,10/8/2013
14-159,10/8/2013
13-174,10/9/2013
13-177,10/11/2013
13-178,10/12/2013
13-180,10/12/2013
13-179,10/14/2013
13-182,10/15/2013
13-183,10/15/2013
13-242,10/15/2013
13-185,10/17/2013
13-188,10/23/2013
13-189,10/26/2013
13-190,10/27/2013
13-191,10/28/2013
13-192,10/28/2013
13-193,10/28/2013
13-194,10/30/2013
13-200,10/31/2013
13-195,11/1/2013
13-201,11/2/2013
13-196,11/3/2013
13-197,11/4/2013
13-198,11/4/2013
13-208,11/4/2013
13-199,11/5/2013
13-202,11/6/2013
13-203,11/11/2013
13-204,11/11/2013
13-205,11/11/2013
13-206,11/12/2013
13-209,11/15/2013
13-213,11/16/2013
13-210,11/17/2013
13-211,11/18/2013
13-212,11/24/2013
13-214,11/26/2013
13-216,11/26/2013
13-215,11/27/2013
13-217,11/29/2013
13-218,11/29/2013
13-219,12/2/2013
13-220,12/2/2013
13-221,12/4/2013
13-222,12/4/2013
13-223,12/5/2013
13-224,12/5/2013
13-225,12/8/2013
13-226,12/10/2013
13-227,12/11/2013
13-228,12/11/2013
13-229,12/13/2013
13-230,12/13/2013
13-231,12/15/2013
13-232,12/16/2013
13-240,12/17/2013
13-243,12/18/2013
13-233,12/19/2013
13-234,12/20/2013
13-235,12/20/2013
13-236,12/20/2013
13-237,12/26/2013
13-238,12/26/2013
13-239,12/28/2013
14-03,1/2/2014
14-02,1/6/2014
14-01,1/7/2014
14-04,1/10/2014
14-07,1/10/2014
14-06,1/12/2014
14-05,1/14/2014
14-08,1/17/2014
14-09,1/20/2014
14-10,1/20/2014
14-11,1/21/2014
14-12,1/23/2014
14-13,1/24/2014
14-14,1/28/2014
14-15,1/29/2014
14-16,1/29/2014
14-18,1/30/2014
14-17,1/31/2014
14-19,1/31/2014
14-20,2/4/2014
14-21,2/4/2014
14-79,2/4/2014
14-22,2/5/2014
14-23,2/5/2014
14-24,2/5/2014
14-25,2/6/2014
14-26,2/8/2014
14-27,2/10/2014
14-28,2/10/2014
14-29,2/12/2014
14-30,2/13/2014
14-105,2/14/2014
14-31,2/15/2014
14-32,2/15/2014
14-33,2/17/2014
14-46,2/18/2014
14-34,2/19/2014
14-35,2/21/2014
14-36,2/22/2014
14-40,2/22/2014
14-50,2/24/2014
14-37,2/25/2014
14-38,2/26/2014
14-39,2/26/2014
14-41,2/28/2014
14-42,3/3/2014
14-43,3/4/2014
14-44,3/4/2014
14-45,3/6/2014
14-47,3/10/2014
14-48,3/11/2014
14-49,3/11/2014
14-51,3/13/2014
14-52,3/14/2014
14-53,3/15/2014
14-54,3/16/2014
14-55,3/17/2014
14-56,3/22/2014
14-57,3/24/2014
14-58,3/25/2014
14-59,4/2/2014
14-60,4/5/2014
14-61,4/5/2014
14-62,4/5/2014
14-63,4/8/2014
14-64,4/9/2014
14-70,4/14/2014
14-71,4/14/2014
14-65,4/15/2014
14-66,4/15/2014
14-67,4/16/2014
14-68,4/16/2014
14-69,4/17/2014
14-72,4/18/2014
14-73,4/23/2014
14-74,4/24/2014
14-78,4/26/2014
14-75,4/28/2014
14-142,5/2/2014
14-76,5/2/2014
14-77,5/2/2014
14-80,5/9/2014
14-117,5/10/2014
14-81,5/12/2014
14-82,5/12/2014
14-83,5/12/2014
14-84,5/13/2014
14-85,5/13/2014
14-86,5/13/2014
14-87,5/14/2014
14-88,5/16/2014
14-89,5/16/2014
14-90,5/19/2014
14-91,5/22/2014
14-92,5/22/2014
14-93,5/26/2014
14-94,5/27/2014
14-95,5/27/2014
14-96,5/30/2014
14-100,6/2/2014
14-97,6/2/2014
14-98,6/2/2014
14-99,6/2/2014
14-101,6/6/2014
14-102,6/6/2014
14-103,6/10/2014
14-104,6/10/2014
14-106,6/17/2014
14-107,6/18/2014
14-108,6/18/2014
14-109,6/18/2014
14-110,6/19/2014
14-111,6/19/2014
14-112,6/23/2014
14-113,6/23/2014
14-114,6/23/2014
14-115,6/26/2014
14-116,6/27/2014
14-118,6/30/2014
14-119,6/30/2014
14-120,7/5/2014
14-121,7/6/2014
14-122,7/7/2014
14-123,7/8/2014
14-124,7/8/2014
14-162,7/8/2014
14-125,7/11/2014
14-126,7/14/2014
14-127,7/16/2014
14-128,7/21/2014
14-133,7/21/2014
14-129,7/24/2014
14-130,7/31/2014
14-131,8/5/2014
14-132,8/7/2014
14-134,8/10/2014
14-135,8/13/2014
14-136,8/13/2014
14-137,8/20/2014
14-138,8/21/2014
14-139,8/21/2014
14-140,8/26/2014
14-141,8/27/2014
14-143,8/28/2014
14-157,8/29/2014
14-144,9/2/2014
14-145,9/2/2014
14-146,9/8/2014
14-147,9/9/2014
14-148,9/10/2014
14-149,9/10/2014
14-150,9/10/2014
14-151,9/10/2014
14-152,9/10/2014
14-153,9/10/2014
14-154,9/11/2014
14-156,9/11/2014
14-155,9/12/2014
14-158,9/19/2014
14-163,9/19/2014
14-160,9/24/2014
14-161,9/25/2014
14-164,9/29/2014
14-165,10/1/2014
14-166,10/1/2014
14-167,10/1/2014
14-168,10/1/2014
14-169,10/3/2014
14-170,10/3/2014
14-171,10/6/2014
14-172,10/7/2014
14-173,10/8/2014
14-178,10/8/2014
14-174,10/9/2014
14-175,10/9/2014
14-176,10/9/2014
14-177,10/13/2014
14-179,10/20/2014
14-180,10/24/2014
14-181,10/30/2014
14-182,10/31/2014
14-183,11/1/2014
14-184,11/3/2014
14-185,11/6/2014
14-186,11/6/2014
14-187,11/7/2014
14-188,11/10/2014
14-189,11/13/2014
14-190,11/14/2014
14-191,11/14/2014
14-192,11/14/2014
14-193,11/14/2014
14-194,11/19/2014
14-195,11/24/2014
14-196,11/24/2014
14-197,12/2/2014
14-198,12/3/2014
14-200,12/4/2014
14-199,12/5/2014
14-201,12/9/2014
14-202,12/10/2014
14-203,12/15/2014
14-204,12/17/2014
14-205,12/18/2014
14-206,12/23/2014
14-207,12/23/2014
14-210,12/23/2014
14-208,12/24/2014
14-209,12/27/2014
14-213,12/27/2014
14-211,12/29/2014
14-212,12/30/2014
15-01,1/2/2015
15-02,1/5/2015
15-03,1/6/2015
15-04,1/6/2015
15-05,1/12/2015
15-06,1/12/2015
15-07,1/13/2015
15-08,1/13/2015
15-09,1/13/2015
15-11,1/13/2015
15-10,1/14/2015
15-13,1/17/2015
15-12,1/20/2015
15-14,1/25/2015
15-15,1/26/2015
15-16,1/26/2015
15-17,1/27/2015
15-18,1/27/2015
15-19,1/28/2015
15-20,1/30/2015
15-21,1/31/2015
15-22,2/3/2015
15-23,2/3/2015
15-25,2/4/2015
15-24,2/5/2015
15-26,2/6/2015
15-27,2/11/2015
15-28,2/11/2015
15-29,2/11/2015
15-30,2/12/2015
15-31,2/13/2015
15-32,2/16/2015
15-33,2/17/2015
15-34,2/17/2015
15-35,2/18/2015
15-36,2/19/2015
15-37,2/24/2015
15-40,2/24/2015
15-38,2/25/2015
15-39,2/26/2015
15-43,2/26/2015
15-41,2/28/2015
15-42,3/3/2015
15-108,3/4/2015
15-44,3/9/2015
15-45,3/9/2015
15-46,3/11/2015
15-47,3/12/2015
15-48,3/12/2015
15-49,3/13/2015
15-50,3/13/2015
15-51,3/17/2015
15-52,3/18/2015
15-53,3/21/2015
15-54,3/22/2015
15-55,3/25/2015
15-56,3/29/2015
15-57,3/30/2015
15-58,3/31/2015
15-59,4/2/2015
15-60,4/6/2015
15-61,4/9/2015
15-62,4/9/2015
15-63,4/10/2015
15-64,4/13/2015
15-65,4/14/2015
15-66,4/15/2015
15-82,4/16/2015
15-67,4/17/2015
15-68,4/17/2015
15-69,4/18/2015
15-70,4/18/2015
15-76,4/18/2015
15-71,4/20/2015
15-72,4/21/2015
15-73,4/22/2015
15-74,4/24/2015
15-75,4/27/2015
15-77,4/30/2015
15-78,4/30/2015
15-79,5/1/2015
15-80,5/1/2015
15-81,5/6/2015
15-83,5/7/2015
15-84,5/7/2015
15-85,5/8/2015
15-86,5/18/2015
15-87,5/18/2015
15-88,5/20/2015
15-89,5/21/2015
15-90,5/22/2015
15-91,5/26/2015
15-92,5/27/2015
15-99,5/27/2015
15-93,5/28/2015
15-94,5/29/2015
15-95,5/29/2015
15-96,6/1/2015
15-97,6/2/2015
15-98,6/3/2015
15-100,6/5/2015
15-101,6/5/2015
15-102,6/5/2015
15-103,6/6/2015
15-104,6/8/2015
15-105,6/8/2015
15-106,6/9/2015
15-107,6/9/2015
15-109,6/12/2015
15-110,6/13/2015
15-111,6/16/2015
15-112,6/16/2015
15-113,6/17/2015
15-114,6/18/2015
15-115,6/18/2015
15-116,6/19/2015
15-117,6/19/2015
15-118,6/20/2015
15-119,6/22/2015
15-120,6/22/2015
15-121,6/24/2015
15-122,6/24/2015
15-123,6/26/2015
15-124,6/29/2015
15-125,6/29/2015
15-126,6/29/2015
15-127,7/1/2015
15-128,7/1/2015
15-129,7/3/2015
15-130,7/4/2015
15-131,7/6/2015
15-132,7/7/2015
15-133,7/8/2015
15-134,7/12/2015
15-135,7/13/2015
15-136,7/14/2015
15-137,7/15/2015
15-138,7/16/2015
15-139,7/16/2015
15-140,7/17/2015
15-144,7/20/2015
15-141,7/21/2015
15-143,7/21/2015
15-142,7/22/2015
15-145,7/22/2015
15-149,7/23/2015
15-148,7/27/2015
15-146,7/29/2015
15-147,7/31/2015
15-253,8/1/2015
15-150,8/5/2015
15-151,8/5/2015
15-152,8/6/2015
15-153,8/6/2015
15-154,8/6/2015
15-155,8/10/2015
15-156,8/12/2015
15-157,8/12/2015
15-158,8/12/2015
15-159,8/14/2015
15-160,8/15/2015
15-161,8/17/2015
15-162,8/17/2015
15-163,8/18/2015
15-165,8/18/2015
15-164,8/19/2015
15-166,8/23/2015
15-167,8/24/2015
15-168,8/24/2015
15-169,8/25/2015
15-170,8/26/2015
15-171,8/26/2015
15-172,8/29/2015
15-174,8/29/2015
15-173,8/31/2015
15-175,9/1/2015
15-176,9/1/2015
15-177,9/3/2015
15-178,9/8/2015
15-179,9/8/2015
15-180,9/13/2015
15-181,9/15/2015
15-182,9/15/2015
15-183,9/16/2015
15-184,9/17/2015
15-185,9/18/2015
15-186,9/23/2015
15-187,9/23/2015
15-188,9/25/2015
15-189,9/25/2015
15-190,9/25/2015
15-191,9/29/2015
15-192,9/30/2015
15-193,9/30/2015
15-194,10/1/2015
15-195,10/2/2015
15-196,10/3/2015
15-197,10/6/2015
15-198,10/9/2015
15-199,10/13/2015
15-211,10/13/2015
15-200,10/15/2015
15-201,10/15/2015
15-202,10/19/2015
15-203,10/19/2015
15-204,10/21/2015
15-205,10/22/2015
15-206,10/22/2015
15-207,10/23/2015
15-208,10/25/2015
15-209,10/25/2015
15-212,10/26/2015
15-213,10/26/2015
15-210,10/27/2015
15-214,10/29/2015
15-215,10/30/2015
15-216,11/2/2015
15-217,11/3/2015
15-218,11/4/2015
15-219,11/6/2015
15-222,11/7/2015
15-220,11/8/2015
15-221,11/9/2015
15-223,11/13/2015
15-224,11/18/2015
15-225,11/19/2015
15-226,11/21/2015
15-227,11/23/2015
15-228,11/25/2015
15-229,11/26/2015
15-241,11/26/2015
15-230,11/28/2015
15-231,11/30/2015
15-232,12/2/2015
15-233,12/8/2015
15-234,12/8/2015
15-237,12/8/2015
15-242,12/8/2015
15-235,12/9/2015
15-236,12/9/2015
15-238,12/15/2015
15-239,12/15/2015
15-240,12/16/2015
15-243,12/16/2015
15-244,12/17/2015
15-245,12/17/2015
15-246,12/18/2015
15-247,12/21/2015
15-248,12/22/2015
15-249,12/23/2015
15-250,12/29/2015
15-251,12/30/2015
16-01,1/1/2016
16-02,1/4/2016
16-05,1/4/2016
16-17,1/5/2016
16-03,1/6/2016
16-04,1/6/2016
16-06,1/8/2016
16-11,1/9/2016
16-08,1/10/2016
16-07,1/11/2016
16-09,1/11/2016
16-10,1/12/2016
16-12,1/15/2016
16-13,1/18/2016
16-14,1/18/2016
16-15,1/19/2016
16-32,1/19/2016
16-16,1/20/2016
16-18,1/20/2016
16-19,1/20/2016
16-20,1/21/2016
16-21,1/21/2016
16-22,1/23/2016
16-23,1/26/2016
16-24,1/26/2016
16-25,2/1/2016
16-26,2/4/2016
16-27,2/4/2016
16-28,2/4/2016
16-29,2/5/2016
16-30,2/9/2016
16-31,2/11/2016
16-34,2/14/2016
16-33,2/19/2016
16-42,2/19/2016
16-35,2/20/2016
16-36,2/22/2016
16-37,2/24/2016
16-38,2/26/2016
16-39,2/29/2016
16-40,3/7/2016
16-41,3/7/2016
16-43,3/8/2016
16-44,3/8/2016
16-127,3/9/2016
16-45,3/10/2016
16-46,3/10/2016
16-47,3/10/2016
16-48,3/11/2016
16-49,3/12/2016
16-50,3/13/2016
16-51,3/15/2016
16-52,3/16/2016
16-53,3/17/2016
16-54,3/18/2016
16-55,3/18/2016
16-57,3/21/2016
16-58,3/21/2016
16-56,3/22/2016
16-59,3/23/2016
16-60,3/23/2016
16-71,3/23/2016
16-61,3/24/2016
16-62,3/28/2016
16-63,3/28/2016
16-64,3/28/2016
16-65,3/29/2016
16-66,3/29/2016
16-67,3/30/2016
16-72,3/30/2016
16-80,4/1/2016
16-68,4/4/2016
16-69,4/7/2016
16-70,4/8/2016
16-73,4/12/2016
16-74,4/14/2016
16-75,4/18/2016
16-76,4/21/2016
16-77,4/22/2016
16-78,4/25/2016
16-79,4/26/2016
16-81,4/29/2016
16-82,5/2/2016
16-83,5/2/2016
16-89,5/2/2016
16-84,5/3/2016
16-85,5/5/2016
16-86,5/6/2016
16-87,5/9/2016
16-88,5/9/2016
16-90,5/12/2016
16-91,5/12/2016
16-92,5/12/2016
16-100,5/16/2016
16-93,5/16/2016
16-99,5/16/2016
16-94,5/17/2016
16-96,5/17/2016
16-95,5/18/2016
16-97,5/19/2016
16-101,5/24/2016
16-102,5/24/2016
16-98,5/24/2016
16-103,5/25/2016
16-144,6/2/2016
16-104,6/3/2016
16-105,6/7/2016
16-106,6/7/2016
16-107,6/7/2016
16-111,6/8/2016
16-108,6/9/2016
16-109,6/9/2016
16-110,6/10/2016
16-112,6/10/2016
16-116,6/12/2016
16-113,6/13/2016
16-114,6/13/2016
16-115,6/14/2016
16-117,6/16/2016
16-118,6/16/2016
16-119,6/16/2016
16-120,6/16/2016
16-121,6/16/2016
16-123,6/16/2016
16-122,6/17/2016
16-124,6/17/2016
16-125,6/24/2016
16-126,6/24/2016
16-132,6/25/2016
16-129,6/28/2016
16-128,6/29/2016
16-130,6/30/2016
16-131,6/30/2016
16-133,6/30/2016
16-142,7/1/2016
16-134,7/3/2016
16-135,7/5/2016
16-136,7/6/2016
16-137,7/6/2016
16-138,7/6/2016
16-140,7/7/2016
16-141,7/7/2016
16-139,7/8/2016
16-143,7/11/2016
16-145,7/13/2016
16-146,7/13/2016
16-147,7/14/2016
16-148,7/15/2016
16-149,7/15/2016
16-150,7/21/2016
16-152,7/23/2016
16-151,7/25/2016
16-153,7/27/2016
16-154,7/27/2016
16-155,7/28/2016
16-156,7/28/2016
16-157,7/28/2016
16-162,7/29/2016
16-158,7/30/2016
16-159,7/31/2016
16-160,8/2/2016
16-161,8/2/2016
16-163,8/5/2016
16-165,8/5/2016
16-164,8/8/2016
16-166,8/9/2016
16-167,8/9/2016
16-168,8/15/2016
16-169,8/16/2016
 ,8/17/2016
16-171,8/17/2016
16-172,8/18/2016
16-173,8/22/2016
16-174,8/25/2016
16-175,8/26/2016
16-176,8/26/2016
16-177,8/26/2016
16-178,8/27/2016
16-179,9/1/2016
16-180,9/2/2016
16-181,9/2/2016
16-182,9/5/2016
16-183,9/6/2016
16-184,9/6/2016
16-185,9/7/2016
16-186,9/7/2016
16-190,9/7/2016
16-301,9/8/2016
16-187,9/9/2016
16-188,9/9/2016
16-189,9/12/2016
16-194,9/12/2016
16-191,9/13/2016
16-192,9/13/2016
16-193,9/13/2016
16-195,9/19/2016
16-196,9/19/2016
16-198,9/19/2016
16-201,9/19/2016
16-197,9/20/2016
16-199,9/20/2016
16-200,9/20/2016
16-202,9/21/2016
16-203,9/22/2016
16-204,9/26/2016
16-206,9/26/2016
16-205,9/27/2016
16-207,9/28/2016
16-208,9/30/2016
16-211,10/5/2016
16-209,10/6/2016
16-210,10/8/2016
16-216,10/10/2016
16-212,10/11/2016
16-266,10/11/2016
16-213,10/12/2016
16-214,10/12/2016
16-219,10/12/2016
16-221,10/12/2016
16-215,10/13/2016
16-217,10/15/2016
16-218,10/17/2016
16-220,10/17/2016
16-223,10/18/2016
16-232,10/18/2016
16-222,10/19/2016
16-224,10/19/2016
16-225,10/19/2016
16-226,10/19/2016
16-227,10/20/2016
16-228,10/21/2016
16-229,10/25/2016
16-238,10/26/2016
16-230,10/31/2016
16-231,10/31/2016
16-233,11/1/2016
16-234,11/1/2016
16-235,11/2/2016
16-236,11/3/2016
16-237,11/4/2016
16-302,11/4/2016
16-239,11/8/2016
16-240,11/9/2016
16-241,11/9/2016
16-242,11/11/2016
16-243,11/11/2016
16-244,11/13/2016
16-246,11/14/2016
16-245,11/15/2016
16-247,11/16/2016
16-248,11/16/2016
16-249,11/17/2016
16-250,11/18/2016
16-251,11/18/2016
16-252,11/18/2016
16-254,11/19/2016
16-253,11/21/2016
16-255,11/22/2016
16-256,11/25/2016
16-259,11/26/2016
16-260,11/26/2016
16-257,11/28/2016
16-258,11/29/2016
16-265,11/30/2016
16-289,12/1/2016
16-261,12/2/2016
16-262,12/2/2016
16-263,12/2/2016
16-264,12/4/2016
16-267,12/5/2016
16-268,12/5/2016
16-269,12/5/2016
16-270,12/5/2016
16-271,12/6/2016
16-273,12/6/2016
16-276,12/6/2016
16-272,12/7/2016
16-274,12/7/2016
16-275,12/8/2016
16-277,12/9/2016
16-278,12/9/2016
16-281,12/9/2016
16-284,12/9/2016
16-279,12/11/2016
16-286,12/12/2016
16-280,12/13/2016
16-282,12/14/2016
16-283,12/15/2016
16-287,12/15/2016
16-285,12/16/2016
16-288,12/16/2016
16-291,12/17/2016
16-290,12/18/2016
16-301,12/20/2016
16-292,12/22/2016
16-293,12/22/2016
16-294,12/23/2016
16-302,12/23/2016
16-295,12/27/2016
16-296,12/28/2016
16-297,12/29/2016
16-298,12/29/2016
16-299,12/29/2016
16-300,12/30/2016
17-01,1/4/2017
17-02,1/8/2017
17-04,1/9/2017
17-10,1/9/2017
17-03,1/10/2017
17-05,1/12/2017
17-06,1/12/2017
17-07,1/13/2017
17-18,1/14/2017
17-08,1/15/2017
17-12,1/16/2017
17-09,1/17/2017
17-11,1/17/2017
17-333,1/17/2017
17-13,1/18/2017
17-15,1/19/2017
17-14,1/20/2017
17-16,1/20/2017
17-17,1/20/2017
17-19,1/20/2017
17-20,1/21/2017
17-21,1/23/2017
17-22,1/24/2017
17-23,1/26/2017
17-24,1/27/2017
17-26,1/27/2017
17-49,1/27/2017
18-18,1/28/2017
17-25,1/30/2017
17-32,1/30/2017
17-27,1/31/2017
17-28,1/31/2017
17-29,1/31/2017
17-31,2/1/2017
17-30,2/2/2017
17-33,2/3/2017
17-34,2/4/2017
17-35,2/6/2017
17-36,2/6/2017
17-37,2/6/2017
17-38,2/6/2017
17-39,2/6/2017
18-125,2/6/2017
17-40,2/7/2017
17-41,2/7/2017
17-42,2/8/2017
17-43,2/8/2017
17-46,2/9/2017
17-47,2/9/2017
17-44,2/13/2017
17-45,2/14/2017
17-48,2/15/2017
17-59,2/16/2017
17-53,2/17/2017
17-61,2/18/2017
17-50,2/20/2017
17-51,2/20/2017
17-52,2/20/2017
17-54,2/22/2017
17-57,2/24/2017
17-86,2/24/2017
17-58,2/26/2017
17-55,2/27/2017
17-56,2/27/2017
17-60,3/1/2017
17-71,3/1/2017
17-83,3/4/2017
17-62,3/6/2017
17-63,3/6/2017
17-67,3/6/2017
17-64,3/8/2017
17-65,3/10/2017
17-66,3/10/2017
17-68,3/13/2017
17-69,3/13/2017
17-70,3/15/2017
17-72,3/17/2017
17-91,3/17/2017
17-73,3/21/2017
17-74,3/21/2017
17-75,3/21/2017
17-76,3/22/2017
17-77,3/22/2017
17-78,3/22/2017
17-79,3/23/2017
17-80,3/23/2017
17-82,3/25/2017
17-81,3/26/2017
17-95,3/28/2017
17-84,3/30/2017
17-85,3/31/2017
17-89,4/3/2017
17-87,4/4/2017
17-88,4/4/2017
17-90,4/4/2017
17-99,4/6/2017
17-92,4/7/2017
17-93,4/7/2017
17-94,4/10/2017
17-96,4/11/2017
17-97,4/11/2017
17-98,4/11/2017
17-100,4/12/2017
17-101,4/13/2017
17-105,4/13/2017
18-97,4/16/2017
17-102,4/17/2017
17-106,4/17/2017
17-103,4/18/2017
17-104,4/18/2017
17-107,4/21/2017
17-108,4/21/2017
17-109,4/23/2017
17-110,4/24/2017
17-111,4/25/2017
17-112,4/26/2017
17-113,4/26/2017
17-114,4/26/2017
17-115,4/28/2017
17-116,4/28/2017
17-117,4/28/2017
17-118,4/28/2017
17-119,5/5/2017
17-120,5/7/2017
17-121,5/8/2017
17-122,5/8/2017
17-123,5/9/2017
17-124,5/9/2017
17-125,5/9/2017
17-126,5/10/2017
17-127,5/10/2017
17-303,5/10/2017
17-128,5/12/2017
17-129,5/15/2017
17-130,5/15/2017
17-131,5/16/2017
17-132,5/16/2017
17-138,5/18/2017
17-133,5/19/2017
17-140,5/19/2017
17-141,5/20/2017
17-142,5/21/2017
17-139,5/22/2017
17-134,5/24/2017
17-143,5/24/2017
17-135,5/25/2017
17-136,5/26/2017
17-137,5/29/2017
17-144,5/31/2017
17-145,5/31/2017
17-146,5/31/2017
17-147,6/2/2017
17-148,6/2/2017
17-225,6/2/2017
17-149,6/5/2017
17-150,6/5/2017
17-151,6/5/2017
17-152,6/5/2017
17-153,6/6/2017
17-154,6/6/2017
17-155,6/6/2017
17-156,6/6/2017
17-157,6/12/2017
17-158,6/13/2017
17-161,6/15/2017
17-160,6/16/2017
17-159,6/19/2017
17-162,6/20/2017
17-163,6/20/2017
17-164,6/22/2017
17-165,6/23/2017
17-166,6/24/2017
17-168,6/27/2017
17-167,6/28/2017
17-169,6/28/2017
17-177,6/28/2017
17-170,6/30/2017
17-171,6/30/2017
17-172,7/5/2017
17-173,7/5/2017
17-174,7/6/2017
17-175,7/7/2017
17-176,7/9/2017
17-178,7/10/2017
17-179,7/10/2017
17-180,7/11/2017
17-181,7/12/2017
17-182,7/12/2017
17-184,7/12/2017
17-185,7/12/2017
17-183,7/13/2017
17-186,7/19/2017
17-187,7/20/2017
17-188,7/21/2017
17-189,7/23/2017
17-190,7/24/2017
17-191,7/24/2017
17-192,7/25/2017
17-193,7/25/2017
17-194,7/26/2017
17-195,7/26/2017
17-207,7/27/2017
17-196,7/31/2017
17-208,7/31/2017
17-197,8/3/2017
17-198,8/4/2017
17-199,8/5/2017
17-200,8/7/2017
17-201,8/8/2017
17-202,8/8/2017
17-203,8/9/2017
17-204,8/9/2017
17-205,8/9/2017
17-206,8/9/2017
17-334,8/9/2017
17-209,8/10/2017
17-210,8/10/2017
17-211,8/11/2017
17-212,8/14/2017
17-213,8/14/2017
17-214,8/14/2017
17-215,8/14/2017
17-216,8/16/2017
17-217,8/17/2017
17-218,8/18/2017
17-297,8/20/2017
17-219,8/23/2017
17-220,8/24/2017
17-221,8/28/2017
17-222,8/30/2017
17-223,8/31/2017
17-224,8/31/2017
17-226,8/31/2017
17-227,9/1/2017
17-228,9/3/2017
17-229,9/5/2017
17-230,9/5/2017
17-250,9/5/2017
17-231,9/7/2017
17-232,9/7/2017
17-238,9/8/2017
17-233,9/9/2017
17-234,9/13/2017
17-235,9/14/2017
17-251,9/14/2017
17-236,9/16/2017
17-237,9/18/2017
17-239,9/19/2017
17-240,9/19/2017
17-241,9/19/2017
17-242,9/21/2017
17-243,9/21/2017
17-244,9/21/2017
17-245,9/24/2017
17-246,9/25/2017
17-254,9/26/2017
17-247,9/27/2017
17-248,9/27/2017
17-249,9/28/2017
17-253,10/1/2017
17-252,10/3/2017
17-332,10/3/2017
17-332,10/4/2017
17-255,10/6/2017
17-256,10/6/2017
17-257,10/11/2017
17-258,10/12/2017
17-259,10/13/2017
17-260,10/16/2017
17-261,10/16/2017
17-262,10/17/2017
17-263,10/17/2017
18-05,10/17/2017
18-162,10/17/2017
17-264,10/18/2017
17-274,10/19/2017
17-265,10/20/2017
17-266,10/21/2017
17-267,10/23/2017
17-268,10/24/2017
17-269,10/24/2017
17-294,10/24/2017
17-270,10/27/2017
17-271,10/31/2017
17-272,10/31/2017
17-273,10/31/2017
17-275,11/1/2017
17-276,11/3/2017
17-277,11/3/2017
17-278,11/6/2017
17-288,11/7/2017
17-279,11/8/2017
17-280,11/8/2017
17-281,11/8/2017
17-282,11/8/2017
17-283,11/9/2017
17-290,11/9/2017
17-284,11/10/2017
17-285,11/11/2017
17-286,11/13/2017
17-287,11/13/2017
17-289,11/14/2017
17-291,11/15/2017
17-292,11/16/2017
17-293,11/16/2017
17-295,11/17/2017
17-296,11/21/2017
17-298,11/21/2017
17-300,11/22/2017
17-299,11/25/2017
17-301,11/28/2017
17-302,11/29/2017
17-304,11/30/2017
17-314,12/1/2017
17-329,12/1/2017
17-306,12/4/2017
17-305,12/5/2017
17-307,12/7/2017
17-308,12/7/2017
17-309,12/8/2017
17-312,12/8/2017
17-310,12/9/2017
17-311,12/9/2017
17-321,12/11/2017
17-313,12/12/2017
17-315,12/14/2017
17-316,12/14/2017
17-317,12/14/2017
17-318,12/15/2017
17-322,12/20/2017
17-319,12/21/2017
17-320,12/22/2017
17-323,12/22/2017
17-324,12/22/2017
17-325,12/26/2017
17-327,12/26/2017
17-326,12/27/2017
17-328,12/29/2017
17-330,12/30/2017
17-331,12/30/2017
19-01,1/2/2018
18-01,1/8/2018
18-02,1/8/2018
18-03,1/9/2018
18-04,1/9/2018
18-336,1/9/2018
18-06,1/10/2018
18-07,1/12/2018
18-75,1/12/2018
18-08,1/14/2018
18-09,1/15/2018
18-15,1/15/2018
18-10,1/16/2018
18-11,1/17/2018
18-12,1/22/2018
18-13,1/22/2018
18-14,1/22/2018
18-16,1/23/2018
18-17,1/24/2018
18-22,1/24/2018
18-23,1/24/2018
18-24,1/24/2018
18-25,1/24/2018
18-26,1/24/2018
18-27,1/24/2018
18-28,1/24/2018
18-29,1/24/2018
18-30,1/24/2018
18-31,1/24/2018
18-32,1/24/2018
18-33,1/24/2018
18-34,1/24/2018
18-35,1/24/2018
18-36,1/24/2018
18-37,1/24/2018
18-19,1/30/2018
18-20,1/31/2018
18-21,1/31/2018
18-56,2/5/2018
18-57,2/5/2018
18-38,2/7/2018
18-60,2/8/2018
18-40,2/9/2018
19-32,2/10/2018
18-39,2/12/2018
18-42,2/13/2018
18-43,2/13/2018
18-41,2/14/2018
18-44,2/15/2018
18-46,2/16/2018
18-48,2/16/2018
18-49,2/17/2018
18-45,2/19/2018
18-47,2/19/2018
18-51,2/20/2018
18-50,2/21/2018
18-52,2/21/2018
18-53,2/23/2018
18-54,2/27/2018
18-55,3/1/2018
18-88,3/1/2018
18-58,3/2/2018
18-59,3/5/2018
18-62,3/6/2018
18-61,3/7/2018
18-70,3/8/2018
18-63,3/9/2018
18-64,3/9/2018
18-65,3/12/2018
18-66,3/12/2018
18-67,3/12/2018
18-73,3/12/2018
18-68,3/13/2018
18-69,3/13/2018
18-71,3/15/2018
18-72,3/15/2018
18-74,3/21/2018
18-90,3/22/2018
18-76    ,3/23/2018
18-77,3/23/2018
18-78,3/23/2018
18-79,3/26/2018
18-106,3/27/2018
18-80,3/27/2018
18-81,3/27/2018
18-82,3/27/2018
18-83,3/27/2018
18-84,3/27/2018
18-85,3/27/2018
18-86,3/28/2018
18-87,3/30/2018
18-89,4/2/2018
18-91,4/4/2018
18-92,4/5/2018
18-93,4/10/2018
18-113,4/11/2018
18-94,4/12/2018
18-95,4/14/2018
18-96,4/14/2018
18-98,4/16/2018
18-99,4/17/2018
18-100,4/20/2018
18-101,4/20/2018
18-102,4/20/2018
18-103,4/20/2018
18-104,4/21/2018
18-105,4/21/2018
18-108,4/24/2018
18-107,4/25/2018
18-109,4/25/2018
18-110,4/26/2018
18-111,4/26/2018
18-112,4/27/2018
18-114,5/1/2018
18-115,5/1/2018
18-116,5/3/2018
18-117,5/7/2018
19-109,5/7/2018
18-118,5/8/2018
18-119,5/9/2018
18-123,5/11/2018
18-120,5/12/2018
18-121,5/14/2018
18-122,5/16/2018
18-124,5/17/2018
18-130,5/17/2018
18-126,5/18/2018
18-127,5/18/2018
18-128,5/18/2018
18-129,5/20/2018
18-175,5/20/2018
18-131,5/21/2018
18-132,5/22/2018
18-133,5/22/2018
18-134,5/22/2018
18-135,5/22/2018
18-136,5/24/2018
18-137,5/24/2018
18-138,5/29/2018
18-139,5/29/2018
18-140,5/29/2018
18-141,5/29/2018
18-142,5/30/2018
18-143,5/31/2018
18-155,6/1/2018
18-146,6/2/2018
18-144,6/5/2018
18-145,6/5/2018
18-147,6/8/2018
18-179,6/9/2018
18-148,6/11/2018
18-149,6/11/2018
18-150,6/11/2018
18-152,6/11/2018
18-151,6/12/2018
18-153,6/14/2018
18-156,6/14/2018
18-154,6/15/2018
18-160,6/15/2018
18-157,6/20/2018
18-167,6/20/2018
18-219,6/22/2018
18-158,6/25/2018
18-159,6/25/2018
18-161,6/25/2018
18-164,6/26/2018
18-165,6/26/2018
18-166,6/27/2018
18-168,6/27/2018
18-169,6/27/2018
18-170,6/27/2018
18-171,6/27/2018
18-172,6/29/2018
18-173,6/29/2018
18-174,7/2/2018
18-176,7/2/2018
18-177,7/3/2018
18-178,7/5/2018
18-180,7/6/2018
18-181,7/9/2018
18-182,7/11/2018
18-183,7/12/2018
18-184,7/12/2018
18-185,7/12/2018
18-186,7/13/2018
18-204,7/15/2018
18-187,7/16/2018
18-188,7/16/2018
18-189,7/16/2018
18-209,7/17/2018
18-337,7/18/2018
18-190,7/19/2018
18-191,7/20/2018
18-192,7/20/2018
18-194,7/20/2018
18-193,7/21/2018
18-195,7/25/2018
18-196,7/30/2018
18-197,7/30/2018
18-198,7/31/2018
18-199,8/1/2018
18-200,8/2/2018
18-201,8/3/2018
18-230,8/3/2018
18-202,8/8/2018
18-203,8/8/2018
18-205,8/9/2018
18-206,8/10/2018
18-207,8/10/2018
18-208,8/12/2018
18-210,8/13/2018
18-211,8/14/2018
18-217,8/14/2018
18-213,8/17/2018
18-212,8/20/2018
18-231,8/20/2018
18-214,8/23/2018
18-215,8/25/2018
18-216,8/27/2018
18-228,8/28/2018
18-218,9/1/2018
18-220,9/5/2018
18-221,9/5/2018
18-222,9/7/2018
18-223,9/8/2018
18-224,9/11/2018
18-225,9/11/2018
18-226,9/13/2018
18-227,9/17/2018
18-233,9/20/2018
18-229,9/21/2018
18-228,9/24/2018
18-232,9/24/2018
18-234,9/24/2018
18-235,9/25/2018
18-236,9/26/2018
18-237,9/27/2018
18-238,9/28/2018
18-239,9/28/2018
18-240,9/29/2018
18-241,9/29/2018
18-242,9/29/2018
18-243,9/30/2018
18-249,10/1/2018
18-244,10/3/2018
18-245,10/3/2018
18-246,10/4/2018
18-247,10/5/2018
18-248,10/5/2018
18-250,10/9/2018
18-316,10/9/2018
18-256,10/10/2018
18-251,10/11/2018
18-252,10/12/2018
18-253,10/12/2018
18-254,10/12/2018
18-261,10/12/2018
18-255,10/15/2018
18-257,10/16/2018
18-259,10/16/2018
18-258,10/17/2018
18-260,10/17/2018
18-329,10/17/2018
18-262,10/21/2018
18-263,10/22/2018
18-264,10/22/2018
18-265,10/25/2018
18-266,10/26/2018
18-267,10/27/2018
18-268,10/29/2018
18-269,10/29/2018
18-270,10/29/2018
18-337,10/29/2018
18-271,10/30/2018
18-273,10/30/2018
18-272,10/31/2018
18-274,11/2/2018
18-275,11/2/2018
18-276,11/2/2018
18-280,11/2/2018
18-277,11/3/2018
18-278,11/5/2018
18-279,11/5/2018
18-281,11/6/2018
18-282,11/7/2018
18-285,11/7/2018
18-283,11/8/2018
18-284,11/12/2018
18-287,11/12/2018
18-288,11/12/2018
18-286,11/13/2018
18-290,11/13/2018
18-291,11/13/2018
18-289,11/14/2018
18-293,11/14/2018
18-292,11/17/2018
18-294,11/21/2018
18-295,11/22/2018
18-296,11/22/2018
18-297,11/23/2018
18-318,11/23/2018
18-298,11/24/2018
18-299,11/26/2018
18-300,11/27/2018
18-301,11/28/2018
18-307,11/28/2018
18-302,11/29/2018
18-303,11/29/2018
18-304,12/1/2018
18-306,12/2/2018
18-305,12/3/2018
18-308,12/5/2018
18-309,12/5/2018
18-310,12/6/2018
18-311,12/7/2018
18-312,12/7/2018
18-313,12/7/2018
18-314,12/7/2018
18-319,12/7/2018
18-315,12/11/2018
18-317,12/11/2018
18-320,12/13/2018
18-321,12/14/2018
18-322,12/14/2018
18-323,12/16/2018
18-324,12/16/2018
18-325,12/17/2018
18-326,12/17/2018
18-327,12/19/2018
18-328,12/19/2018
18-331,12/22/2018
18-330,12/24/2018
18-332,12/24/2018
18-333,12/24/2018
18-334,12/24/2018
18-335,12/28/2018
19-02,1/3/2019
19-03,1/3/2019
19-04,1/4/2019
19-05,1/4/2019
19-06,1/7/2019
19-07,1/7/2019
19-08,1/7/2019
19-09,1/8/2019
19-10,1/11/2019
19-11,1/11/2019
19-12,1/17/2019
19-13,1/17/2019
19-14,1/17/2019
19-15,1/17/2019
19-16,1/21/2019
19-19,1/21/2019
19-17,1/22/2019
19-18,1/22/2019
19-20,1/26/2019
19-23,1/28/2019
19-21,1/29/2019
19-22,1/30/2019
19-43,1/31/2019
19-24,2/4/2019
19-25,2/4/2019
19-28,2/4/2019
19-26,2/5/2019
19-27,2/5/2019
19-29,2/5/2019
19-30,2/6/2019
19-31,2/8/2019
19-39,2/9/2019
19-34,2/11/2019
19-35,2/11/2019
19-33,2/12/2019
19-36,2/12/2019
19-38,2/12/2019
19-37,2/13/2019
19-40,2/14/2019
19-41,2/22/2019
19-42,2/23/2019
19-44,2/25/2019
19-45,2/27/2019
19-46,2/27/2019
19-48,2/27/2019
19-47,2/28/2019
19-49,3/1/2019
19-50,3/3/2019
19-51,3/4/2019
19-52,3/5/2019
19-53,3/8/2019
19-210,3/8/2019
19-54,3/11/2019
19-55,3/11/2019
19-56,3/13/2019
19-57,3/14/2019
19-58,3/14/2019
19-59,3/15/2019
19-60,3/15/2019
19-61,3/15/2019
19-65,3/15/2019
19-62,3/16/2019
19-63,3/16/2019
19-64,3/16/2019
19-66,3/18/2019
19-67,3/18/2019
19-68,3/19/2019
19-69,3/19/2019
19-110,3/20/2019
19-70,3/20/2019
19-71,3/20/2019
19-72,3/22/2019
19-73,3/22/2019
19-74,3/22/2019
19-76,3/22/2019
19-77,3/22/2019
19-78,3/25/2019
19-79,3/26/2019
19-80,3/28/2019
19-81,3/29/2019
19-197,3/31/2019
19-82,4/1/2019
19-83,4/3/2019
19-84,4/4/2019
19-85,4/4/2019
19-86,4/8/2019
19-87,4/8/2019
19-88,4/8/2019
19-89,4/9/2019
19-90,4/10/2019
19-106,4/11/2019
19-91,4/15/2019
19-92,4/16/2019
19-93,4/16/2019
19-94,4/18/2019
19-99,4/18/2019
19-95,4/19/2019
19-96,4/20/2019
19-97,4/22/2019
19-98,4/22/2019
19-100,4/23/2019
19-101,4/23/2019
19-102,4/24/2019
19-103,4/24/2019
19-104,4/25/2019
19-105,4/27/2019
19-107,5/1/2019
19-108,5/6/2019
19-111,5/10/2019
19-112,5/11/2019
19-113,5/16/2019
19-114,5/16/2019
19-115,5/16/2019
19-116,5/16/2019
19-117,5/17/2019
19-118,5/17/2019
19-119,5/18/2019
19-120,5/20/2019
19-121,5/22/2019
19-122,5/22/2019
19-123,5/22/2019
19-124,5/22/2019
19-125,5/24/2019
19-126,5/28/2019
19-127,5/28/2019
19-128,5/28/2019
19-129,5/28/2019
19-131,5/29/2019
19-130,5/30/2019
19-132,6/3/2019
19-133,6/3/2019
19-134,6/6/2019
19-135,6/6/2019
19-136,6/7/2019
19-137,6/9/2019
19-138,6/10/2019
19-161,6/10/2019
19-162,6/10/2019
19-139,6/11/2019
19-140,6/12/2019
19-141,6/13/2019
19-142,6/14/2019
19-143,6/17/2019
19-149,6/17/2019
19-144,6/18/2019
19-187,6/18/2019
19-145,6/19/2019
19-146,6/19/2019
19-147,6/19/2019
19-148,6/19/2019
19-150,6/19/2019
19-151,6/21/2019
19-152,6/22/2019
19-153,6/24/2019
19-154,6/24/2019
19-171,6/24/2019
19-155,6/26/2019
19-156,6/28/2019
19-157,6/28/2019
19-158,6/29/2019
19-159,7/1/2019
19-160,7/1/2019
19-163,7/2/2019
19-164,7/2/2019
19-165,7/3/2019
19-169,7/4/2019
19-166,7/5/2019
19-167,7/5/2019
19-168,7/8/2019
19-205,7/8/2019
19-170,7/9/2019
19-172,7/10/2019
19-175,7/11/2019
19-174,7/12/2019
19-192,7/12/2019
19-173,7/15/2019
19-177,7/15/2019
19-192,7/15/2019
19-196,7/15/2019
19-197,7/15/2019
19-176,7/16/2019
19-178,7/17/2019
19-179,7/18/2019
19-180,7/18/2019
19-181,7/18/2019
19-182,7/22/2019
19-183,7/23/2019
19-184,7/24/2019
19-185,7/24/2019
19-186,7/25/2019
19-196,7/25/2019
19-188,7/29/2019
19-189,7/29/2019
19-190,7/29/2019
19-195,7/30/2019
19-191,7/31/2019
19-193,7/31/2019
19-194,8/6/2019
19-199,8/7/2019
19-200,8/7/2019
19-198,8/8/2019
19-201,8/8/2019
19-202,8/9/2019
19-203,8/10/2019
19-204,8/12/2019
19-206,8/13/2019
19-223,8/14/2019
19-207,8/15/2019
19-208,8/18/2019
19-209,8/19/2019
19-211,8/19/2019
19-212,8/20/2019
19-213,8/20/2019
19-214,8/22/2019
19-217,8/22/2019
19-215,8/23/2019
19-216,8/23/2019
19-218,8/25/2019
19-219,8/25/2019
19-220,8/26/2019
19-221,8/26/2019
19-224,8/26/2019
19-222,8/27/2019
19-230,8/27/2019
19-225,8/28/2019
19-226,8/28/2019
19-228,8/28/2019
19-227,8/29/2019
19-229,9/3/2019
19-231,9/4/2019
19-233,9/4/2019
19-242,9/5/2019
19-232,9/6/2019
19-234,9/6/2019
19-239,9/9/2019
19-243,9/9/2019
19-235,9/10/2019
19-236,9/11/2019
19-237,9/12/2019
19-238,9/12/2019
19-240,9/13/2019
19-241,9/13/2019
19-244,9/16/2019
19-245,9/17/2019
19-246,9/18/2019
19-247,9/18/2019
19-248,9/9/2019
19-249,9/19/2019
19-250,9/25/2019
19-251,9/25/2019
19-252,9/26/2019
19-253,9/26/2019
19-254,9/27/2019
19-255,9/30/2019
19-256,9/30/2019
19-257,10/1/2019
19-258,10/1/2019
19-259,9/20/2019
19-260,10/1/2019
19-261,10/4/2019
19-262,10/4/2019
19-263,10/3/2019
19-264,10/3/2019
19-265,10/4/2019
19-266,10/5/2019
19-267,10/3/2019
19-268,10/4/2019
19-269,4/15/2019
19-270,10/10/2019
19-271,10/11/2019
19-272,10/8/2019
19-273,10/15/2019
19-274,10/17/2019
19-275,10/17/2019
19-276,10/18/2019
19-277,3/4/2019
19-278,10/22/2019
19-279,3/14/2019
19-280,10/7/2019
19-281,10/23/2019
19-282,10/23/2019
